凡妮莎海辛第二季,第12集,Syfy,2017-12-30
黑镜子第四季,第6集,Netflix,2017-12-30
搜寻死党第二季,第3集,TBS,2017-12-30
搞事警察第一季,第3集,,2017-12-30
白闻名第一季,第2集,Showtime,2017-12-30
小羽毛海蒂第三季,第6集,,2017-12-30
恶梦工厂,全剧完结,TNT,2017-12-30
小妇人第一季,第3集,BBC,2017-12-30
作案手法第二季,第6集,,2017-12-29
超级甜甜圈第二季,第3集,CBS,2017-12-29
超级甜甜圈第一季,本季终,CBS,2017-12-29
迷信第一季,第8集,Syfy,2017-12-29
骑士陨落第一季,第4集,历史频道,2017-12-29
幻想快乐第一季,第4集,Syfy,2017-12-29
维京传奇第五季,第6集,历史频道,2017-12-29
重案组第六季,第11集,TNT,2017-12-29
微缩屋工匠第一季,第2集,BBC,2017-12-29
更美好的事第二季,第2集,FX,2017-12-28
愿望清单第二季,第2集,,2017-12-28
红鹰第六季,第12集,西班牙,2017-12-28
图书馆员第四季,第5集,TNT,2017-12-28
我爱露西第二季,第8集,,2017-12-28
维多利亚第二季,本季终,ITV,2017-12-28
神秘博士2017圣诞特辑,本季终,BBC,2017-12-28
执法悍将第一季,本季终,,2017-12-28
法律与秩序第十三季,第10集,NBC,2017-12-28
离家童盟第一季,第8集,Hulu,2017-12-27
摇滚学校第三季,第8集,Nickelodeon,2017-12-27
艺校故事第二季,第22集,Disney,2017-12-27
警长战群魔第二季,第8集,,2017-12-27
富商的贫民窟女友,第72集,,2017-12-27
洛城到赌城第一季,第1集,FOX,2017-12-26
老妈撞入电视台第二季,第8集,NBC,2017-12-26
黑湖第一季,第7集,,2017-12-26
布朗神父第六季,第1集,BBC,2017-12-26
欢乐再满屋第三季,本季终,Netflix,2017-12-26
开心汉堡店第八季,第7集,FOX,2017-12-26
应召女友第二季,第14集,Starz,2017-12-25
我很抱歉第一季,本季终,2017-07-12(美国),2017-12-25
三代同层第一季,第7集,CBS,2017-12-25
无耻之徒第八季,第7集,Showtime,2017-12-25
庭审专家第二季,第10集,CBS,2017-12-25
弗林医生第一季,第5集,,2017-12-25
时间管理局第三季,第12集,西班牙,2017-12-25
格莫拉第三季,第5集,Sky,2017-12-25
生活点滴第三季,第8集,杰森・维纳,2017-12-25
狼溪第二季,第4集,,2017-12-24
了不起的麦瑟尔夫人第一季,第8集,Amazon,2017-12-24
无声的证言第十二季,第8集,BBC,2017-12-24
觉醒彩虹第一季,本季终,,2017-12-24
致命旅行第一季,本季终,ABC,2017-12-24
海军罪案调查处：洛杉矶第九季,第11集,CBS,2017-12-24
疯狂清道夫第四季,第4集,,2017-12-24
爱情谎言与登记第一季,第4集,BBC,2017-12-24
女作家与谋杀案第五季,第17集,,2017-12-24
警察世家第八季,第10集,CBS,2017-12-24
盲点第三季,第8集,NBC,2017-12-24
成功镇凶案第二季,本季终,BBC,2017-12-23
神盾局特工第五季,第5集,ABC,2017-12-23
乐在其中第三季,第1集,Disney,2017-12-23
法律与秩序特殊受害者第十九季,第8集,NBC,2017-12-23
穿越者第二季,第12集,,2017-12-23
反恐特警组第一季,第8集,CBS,2017-12-23
小谢尔顿第一季,第9集,CBS,2017-12-23
诅咒第一季,第5集,USA,2017-12-22
一善之差第二季,本季终,TNT,2017-12-22
幸存者：特质对决第三十五季,第15集,CBS,2017-12-22
极品老妈第五季,第8集,CBS,2017-12-22
单亲辣妈第一季,第7集,Showtime,2017-12-22
归乡路漫漫第一季,全剧完结,国家地理频道,2017-12-22
丑闻第七季,第7集,ABC,2017-12-22
浴血黑帮第四季,本季终,BBC,2017-12-22
群策群力第一季,第1集,CBS,2017-12-21
里克・斯坦的墨西哥美食之旅第一季,第4集,,2017-12-21
国务卿夫人第四季,第10集,CBS,2017-12-21
绅士联盟第四季,本季终,BBC,2017-12-21
毛毛骑手亚洲美食历第二季,第1集,,2017-12-21
碟中谍第三季,第2集,,2017-12-21
战地神探第七季,第3集,ITV,2017-12-20
老爸有招第二季,第6集,CBS,2017-12-20
天蝎第四季,第12集,CBS,2017-12-20
退休警察烦事多第二季,第12集,CBS,2017-12-19
第四类地球人第二季,第3集,TBS,2017-12-19
爆笑超市第三季,第7集,NBC,2017-12-19
铁卫雄狮第二季,第12集,Disney,2017-12-19
神探牧师第三季,第6集,ITV,2017-12-19
全能侦探社第二季,第10集,,2017-12-19
杰西卡・琼斯第二季,预告,Netflix,2017-12-19
国土安全第七季,预告,Showtime,2017-12-19
灵战第一季,第10集,Syfy,2017-12-19
弗兰肯斯坦传奇第一季,第5集,ITV,2017-12-19
情理法的春天第三季,第8集,,2017-12-19
王冠第二季,本季终,Netflix,2017-12-18
少女卧底第三季,第12集,Disney,2017-12-18
谷中十日第一季,第6集,ABC,2017-12-18
南方公园第二十一季,本季终,Comedy Central,2017-12-18
喧闹一家亲第二季,第25集,Nickelodeon,2017-12-18
格拉夫斯第二季,第5集,,2017-12-18
辛普森一家第二十九季,第9集,FOX,2017-12-18
僵尸国度第四季,本季终,Syfy,2017-12-18
